[
    {
        "model": "auth.permission",
        "pk": 1,
        "fields": {
            "name": "Can add log entry",
            "content_type": 1,
            "codename": "add_logentry"
        }
    },
    {
        "model": "auth.permission",
        "pk": 2,
        "fields": {
            "name": "Can change log entry",
            "content_type": 1,
            "codename": "change_logentry"
        }
    },
    {
        "model": "auth.permission",
        "pk": 3,
        "fields": {
            "name": "Can delete log entry",
            "content_type": 1,
            "codename": "delete_logentry"
        }
    },
    {
        "model": "auth.permission",
        "pk": 4,
        "fields": {
            "name": "Can view log entry",
            "content_type": 1,
            "codename": "view_logentry"
        }
    },
    {
        "model": "auth.permission",
        "pk": 5,
        "fields": {
            "name": "Can add permission",
            "content_type": 2,
            "codename": "add_permission"
        }
    },
    {
        "model": "auth.permission",
        "pk": 6,
        "fields": {
            "name": "Can change permission",
            "content_type": 2,
            "codename": "change_permission"
        }
    },
    {
        "model": "auth.permission",
        "pk": 7,
        "fields": {
            "name": "Can delete permission",
            "content_type": 2,
            "codename": "delete_permission"
        }
    },
    {
        "model": "auth.permission",
        "pk": 8,
        "fields": {
            "name": "Can view permission",
            "content_type": 2,
            "codename": "view_permission"
        }
    },
    {
        "model": "auth.permission",
        "pk": 9,
        "fields": {
            "name": "Can add group",
            "content_type": 3,
            "codename": "add_group"
        }
    },
    {
        "model": "auth.permission",
        "pk": 10,
        "fields": {
            "name": "Can change group",
            "content_type": 3,
            "codename": "change_group"
        }
    },
    {
        "model": "auth.permission",
        "pk": 11,
        "fields": {
            "name": "Can delete group",
            "content_type": 3,
            "codename": "delete_group"
        }
    },
    {
        "model": "auth.permission",
        "pk": 12,
        "fields": {
            "name": "Can view group",
            "content_type": 3,
            "codename": "view_group"
        }
    },
    {
        "model": "auth.permission",
        "pk": 13,
        "fields": {
            "name": "Can add user",
            "content_type": 4,
            "codename": "add_user"
        }
    },
    {
        "model": "auth.permission",
        "pk": 14,
        "fields": {
            "name": "Can change user",
            "content_type": 4,
            "codename": "change_user"
        }
    },
    {
        "model": "auth.permission",
        "pk": 15,
        "fields": {
            "name": "Can delete user",
            "content_type": 4,
            "codename": "delete_user"
        }
    },
    {
        "model": "auth.permission",
        "pk": 16,
        "fields": {
            "name": "Can view user",
            "content_type": 4,
            "codename": "view_user"
        }
    },
    {
        "model": "auth.permission",
        "pk": 17,
        "fields": {
            "name": "Can add content type",
            "content_type": 5,
            "codename": "add_contenttype"
        }
    },
    {
        "model": "auth.permission",
        "pk": 18,
        "fields": {
            "name": "Can change content type",
            "content_type": 5,
            "codename": "change_contenttype"
        }
    },
    {
        "model": "auth.permission",
        "pk": 19,
        "fields": {
            "name": "Can delete content type",
            "content_type": 5,
            "codename": "delete_contenttype"
        }
    },
    {
        "model": "auth.permission",
        "pk": 20,
        "fields": {
            "name": "Can view content type",
            "content_type": 5,
            "codename": "view_contenttype"
        }
    },
    {
        "model": "auth.permission",
        "pk": 21,
        "fields": {
            "name": "Can add session",
            "content_type": 6,
            "codename": "add_session"
        }
    },
    {
        "model": "auth.permission",
        "pk": 22,
        "fields": {
            "name": "Can change session",
            "content_type": 6,
            "codename": "change_session"
        }
    },
    {
        "model": "auth.permission",
        "pk": 23,
        "fields": {
            "name": "Can delete session",
            "content_type": 6,
            "codename": "delete_session"
        }
    },
    {
        "model": "auth.permission",
        "pk": 24,
        "fields": {
            "name": "Can view session",
            "content_type": 6,
            "codename": "view_session"
        }
    },
    {
        "model": "auth.permission",
        "pk": 25,
        "fields": {
            "name": "Can add Token",
            "content_type": 7,
            "codename": "add_token"
        }
    },
    {
        "model": "auth.permission",
        "pk": 26,
        "fields": {
            "name": "Can change Token",
            "content_type": 7,
            "codename": "change_token"
        }
    },
    {
        "model": "auth.permission",
        "pk": 27,
        "fields": {
            "name": "Can delete Token",
            "content_type": 7,
            "codename": "delete_token"
        }
    },
    {
        "model": "auth.permission",
        "pk": 28,
        "fields": {
            "name": "Can view Token",
            "content_type": 7,
            "codename": "view_token"
        }
    },
    {
        "model": "auth.permission",
        "pk": 29,
        "fields": {
            "name": "Can add Token",
            "content_type": 8,
            "codename": "add_tokenproxy"
        }
    },
    {
        "model": "auth.permission",
        "pk": 30,
        "fields": {
            "name": "Can change Token",
            "content_type": 8,
            "codename": "change_tokenproxy"
        }
    },
    {
        "model": "auth.permission",
        "pk": 31,
        "fields": {
            "name": "Can delete Token",
            "content_type": 8,
            "codename": "delete_tokenproxy"
        }
    },
    {
        "model": "auth.permission",
        "pk": 32,
        "fields": {
            "name": "Can view Token",
            "content_type": 8,
            "codename": "view_tokenproxy"
        }
    },
    {
        "model": "auth.permission",
        "pk": 33,
        "fields": {
            "name": "Can add product",
            "content_type": 9,
            "codename": "add_product"
        }
    },
    {
        "model": "auth.permission",
        "pk": 34,
        "fields": {
            "name": "Can change product",
            "content_type": 9,
            "codename": "change_product"
        }
    },
    {
        "model": "auth.permission",
        "pk": 35,
        "fields": {
            "name": "Can delete product",
            "content_type": 9,
            "codename": "delete_product"
        }
    },
    {
        "model": "auth.permission",
        "pk": 36,
        "fields": {
            "name": "Can view product",
            "content_type": 9,
            "codename": "view_product"
        }
    },
    {
        "model": "auth.permission",
        "pk": 37,
        "fields": {
            "name": "Can add restoraunt",
            "content_type": 10,
            "codename": "add_restoraunt"
        }
    },
    {
        "model": "auth.permission",
        "pk": 38,
        "fields": {
            "name": "Can change restoraunt",
            "content_type": 10,
            "codename": "change_restoraunt"
        }
    },
    {
        "model": "auth.permission",
        "pk": 39,
        "fields": {
            "name": "Can delete restoraunt",
            "content_type": 10,
            "codename": "delete_restoraunt"
        }
    },
    {
        "model": "auth.permission",
        "pk": 40,
        "fields": {
            "name": "Can view restoraunt",
            "content_type": 10,
            "codename": "view_restoraunt"
        }
    },
    {
        "model": "auth.permission",
        "pk": 41,
        "fields": {
            "name": "Can add order",
            "content_type": 11,
            "codename": "add_order"
        }
    },
    {
        "model": "auth.permission",
        "pk": 42,
        "fields": {
            "name": "Can change order",
            "content_type": 11,
            "codename": "change_order"
        }
    },
    {
        "model": "auth.permission",
        "pk": 43,
        "fields": {
            "name": "Can delete order",
            "content_type": 11,
            "codename": "delete_order"
        }
    },
    {
        "model": "auth.permission",
        "pk": 44,
        "fields": {
            "name": "Can view order",
            "content_type": 11,
            "codename": "view_order"
        }
    },
    {
        "model": "auth.permission",
        "pk": 45,
        "fields": {
            "name": "Can add menu",
            "content_type": 12,
            "codename": "add_menu"
        }
    },
    {
        "model": "auth.permission",
        "pk": 46,
        "fields": {
            "name": "Can change menu",
            "content_type": 12,
            "codename": "change_menu"
        }
    },
    {
        "model": "auth.permission",
        "pk": 47,
        "fields": {
            "name": "Can delete menu",
            "content_type": 12,
            "codename": "delete_menu"
        }
    },
    {
        "model": "auth.permission",
        "pk": 48,
        "fields": {
            "name": "Can view menu",
            "content_type": 12,
            "codename": "view_menu"
        }
    },
    {
        "model": "auth.permission",
        "pk": 49,
        "fields": {
            "name": "Can add review",
            "content_type": 13,
            "codename": "add_review"
        }
    },
    {
        "model": "auth.permission",
        "pk": 50,
        "fields": {
            "name": "Can change review",
            "content_type": 13,
            "codename": "change_review"
        }
    },
    {
        "model": "auth.permission",
        "pk": 51,
        "fields": {
            "name": "Can delete review",
            "content_type": 13,
            "codename": "delete_review"
        }
    },
    {
        "model": "auth.permission",
        "pk": 52,
        "fields": {
            "name": "Can view review",
            "content_type": 13,
            "codename": "view_review"
        }
    },
    {
        "model": "auth.permission",
        "pk": 53,
        "fields": {
            "name": "Can add user profile",
            "content_type": 14,
            "codename": "add_userprofile"
        }
    },
    {
        "model": "auth.permission",
        "pk": 54,
        "fields": {
            "name": "Can change user profile",
            "content_type": 14,
            "codename": "change_userprofile"
        }
    },
    {
        "model": "auth.permission",
        "pk": 55,
        "fields": {
            "name": "Can delete user profile",
            "content_type": 14,
            "codename": "delete_userprofile"
        }
    },
    {
        "model": "auth.permission",
        "pk": 56,
        "fields": {
            "name": "Can view user profile",
            "content_type": 14,
            "codename": "view_userprofile"
        }
    },
    {
        "model": "auth.permission",
        "pk": 57,
        "fields": {
            "name": "Can add order item",
            "content_type": 15,
            "codename": "add_orderitem"
        }
    },
    {
        "model": "auth.permission",
        "pk": 58,
        "fields": {
            "name": "Can change order item",
            "content_type": 15,
            "codename": "change_orderitem"
        }
    },
    {
        "model": "auth.permission",
        "pk": 59,
        "fields": {
            "name": "Can delete order item",
            "content_type": 15,
            "codename": "delete_orderitem"
        }
    },
    {
        "model": "auth.permission",
        "pk": 60,
        "fields": {
            "name": "Can view order item",
            "content_type": 15,
            "codename": "view_orderitem"
        }
    },
    {
        "model": "contenttypes.contenttype",
        "pk": 1,
        "fields": {
            "app_label": "admin",
            "model": "logentry"
        }
    },
    {
        "model": "contenttypes.contenttype",
        "pk": 2,
        "fields": {
            "app_label": "auth",
            "model": "permission"
        }
    },
    {
        "model": "contenttypes.contenttype",
        "pk": 3,
        "fields": {
            "app_label": "auth",
            "model": "group"
        }
    },
    {
        "model": "contenttypes.contenttype",
        "pk": 4,
        "fields": {
            "app_label": "auth",
            "model": "user"
        }
    },
    {
        "model": "contenttypes.contenttype",
        "pk": 5,
        "fields": {
            "app_label": "contenttypes",
            "model": "contenttype"
        }
    },
    {
        "model": "contenttypes.contenttype",
        "pk": 6,
        "fields": {
            "app_label": "sessions",
            "model": "session"
        }
    },
    {
        "model": "contenttypes.contenttype",
        "pk": 7,
        "fields": {
            "app_label": "authtoken",
            "model": "token"
        }
    },
    {
        "model": "contenttypes.contenttype",
        "pk": 8,
        "fields": {
            "app_label": "authtoken",
            "model": "tokenproxy"
        }
    },
    {
        "model": "contenttypes.contenttype",
        "pk": 9,
        "fields": {
            "app_label": "app",
            "model": "product"
        }
    },
    {
        "model": "contenttypes.contenttype",
        "pk": 10,
        "fields": {
            "app_label": "app",
            "model": "restoraunt"
        }
    },
    {
        "model": "contenttypes.contenttype",
        "pk": 11,
        "fields": {
            "app_label": "app",
            "model": "order"
        }
    },
    {
        "model": "contenttypes.contenttype",
        "pk": 12,
        "fields": {
            "app_label": "app",
            "model": "menu"
        }
    },
    {
        "model": "contenttypes.contenttype",
        "pk": 13,
        "fields": {
            "app_label": "app",
            "model": "review"
        }
    },
    {
        "model": "contenttypes.contenttype",
        "pk": 14,
        "fields": {
            "app_label": "app",
            "model": "userprofile"
        }
    },
    {
        "model": "contenttypes.contenttype",
        "pk": 15,
        "fields": {
            "app_label": "app",
            "model": "orderitem"
        }
    },
    {
        "model": "app.product",
        "pk": 1,
        "fields": {
            "name": "Cheeseburger",
            "description": "Delicious cheeseburger prepared fresh.",
            "price": "14.19"
        }
    },
    {
        "model": "app.product",
        "pk": 2,
        "fields": {
            "name": "Margherita Pizza",
            "description": "Delicious margherita pizza prepared fresh.",
            "price": "14.88"
        }
    },
    {
        "model": "app.product",
        "pk": 3,
        "fields": {
            "name": "Caesar Salad",
            "description": "Delicious caesar salad prepared fresh.",
            "price": "5.77"
        }
    },
    {
        "model": "app.product",
        "pk": 4,
        "fields": {
            "name": "Sushi Set",
            "description": "Delicious sushi set prepared fresh.",
            "price": "15.95"
        }
    },
    {
        "model": "app.product",
        "pk": 5,
        "fields": {
            "name": "Chicken Wrap",
            "description": "Delicious chicken wrap prepared fresh.",
            "price": "5.59"
        }
    },
    {
        "model": "app.product",
        "pk": 6,
        "fields": {
            "name": "Beef Steak",
            "description": "Delicious beef steak prepared fresh.",
            "price": "6.01"
        }
    },
    {
        "model": "app.product",
        "pk": 7,
        "fields": {
            "name": "Veggie Sandwich",
            "description": "Delicious veggie sandwich prepared fresh.",
            "price": "14.41"
        }
    },
    {
        "model": "app.product",
        "pk": 8,
        "fields": {
            "name": "Chocolate Cake",
            "description": "Delicious chocolate cake prepared fresh.",
            "price": "7.60"
        }
    },
    {
        "model": "app.product",
        "pk": 9,
        "fields": {
            "name": "Espresso",
            "description": "Delicious espresso prepared fresh.",
            "price": "14.08"
        }
    },
    {
        "model": "app.product",
        "pk": 10,
        "fields": {
            "name": "Fruit Smoothie",
            "description": "Delicious fruit smoothie prepared fresh.",
            "price": "8.70"
        }
    },
    {
        "model": "app.restoraunt",
        "pk": 1,
        "fields": {
            "name": "Restaurant 1",
            "location": "Belgrade, Serbia",
            "lan": "44.786600",
            "lon": "20.448900",
            "rating": "4.33",
            "category": "fine_dining"
        }
    },
    {
        "model": "app.restoraunt",
        "pk": 2,
        "fields": {
            "name": "Restaurant 2",
            "location": "Belgrade, Serbia",
            "lan": "44.820600",
            "lon": "20.462200",
            "rating": "4.94",
            "category": "dessert"
        }
    },
    {
        "model": "app.restoraunt",
        "pk": 3,
        "fields": {
            "name": "Restaurant 3",
            "location": "Belgrade, Serbia",
            "lan": "44.802400",
            "lon": "20.465100",
            "rating": "4.60",
            "category": "cafe"
        }
    },
    {
        "model": "app.restoraunt",
        "pk": 4,
        "fields": {
            "name": "Restaurant 4",
            "location": "Belgrade, Serbia",
            "lan": "44.781100",
            "lon": "20.489100",
            "rating": "3.83",
            "category": "bakery"
        }
    },
    {
        "model": "app.restoraunt",
        "pk": 5,
        "fields": {
            "name": "Restaurant 5",
            "location": "Belgrade, Serbia",
            "lan": "44.807500",
            "lon": "20.460100",
            "rating": "3.96",
            "category": "food_truck"
        }
    },
    {
        "model": "app.restoraunt",
        "pk": 6,
        "fields": {
            "name": "Restaurant 6",
            "location": "Belgrade, Serbia",
            "lan": "44.814200",
            "lon": "20.450800",
            "rating": "3.74",
            "category": "pub"
        }
    },
    {
        "model": "app.restoraunt",
        "pk": 7,
        "fields": {
            "name": "Restaurant 7",
            "location": "Belgrade, Serbia",
            "lan": "44.779200",
            "lon": "20.475300",
            "rating": "3.85",
            "category": "bakery"
        }
    },
    {
        "model": "app.restoraunt",
        "pk": 8,
        "fields": {
            "name": "Restaurant 8",
            "location": "Belgrade, Serbia",
            "lan": "44.815900",
            "lon": "20.408600",
            "rating": "4.54",
            "category": "casual_dining"
        }
    },
    {
        "model": "app.restoraunt",
        "pk": 9,
        "fields": {
            "name": "Restaurant 9",
            "location": "Belgrade, Serbia",
            "lan": "44.786300",
            "lon": "20.412400",
            "rating": "4.45",
            "category": "fine_dining"
        }
    },
    {
        "model": "app.restoraunt",
        "pk": 10,
        "fields": {
            "name": "Restaurant 10",
            "location": "Belgrade, Serbia",
            "lan": "44.823800",
            "lon": "20.443000",
            "rating": "4.85",
            "category": "casual_dining"
        }
    },
    {
        "model": "app.restoraunt",
        "pk": 11,
        "fields": {
            "name": "Restaurant 11",
            "location": "Belgrade, Serbia",
            "lan": "44.781700",
            "lon": "20.423300",
            "rating": "3.72",
            "category": "buffet"
        }
    },
    {
        "model": "app.restoraunt",
        "pk": 12,
        "fields": {
            "name": "Restaurant 12",
            "location": "Belgrade, Serbia",
            "lan": "44.822500",
            "lon": "20.482200",
            "rating": "4.54",
            "category": "pub"
        }
    },
    {
        "model": "app.restoraunt",
        "pk": 13,
        "fields": {
            "name": "Restaurant 13",
            "location": "Belgrade, Serbia",
            "lan": "44.809900",
            "lon": "20.453500",
            "rating": "4.85",
            "category": "dessert"
        }
    },
    {
        "model": "app.restoraunt",
        "pk": 14,
        "fields": {
            "name": "Restaurant 14",
            "location": "Belgrade, Serbia",
            "lan": "44.798300",
            "lon": "20.435900",
            "rating": "4.31",
            "category": "buffet"
        }
    },
    {
        "model": "app.restoraunt",
        "pk": 15,
        "fields": {
            "name": "Restaurant 15",
            "location": "Belgrade, Serbia",
            "lan": "44.811300",
            "lon": "20.460700",
            "rating": "3.70",
            "category": "cafe"
        }
    },
    {
        "model": "app.restoraunt",
        "pk": 16,
        "fields": {
            "name": "Restaurant 16",
            "location": "Belgrade, Serbia",
            "lan": "44.793400",
            "lon": "20.458000",
            "rating": "4.99",
            "category": "fast_food"
        }
    },
    {
        "model": "app.restoraunt",
        "pk": 17,
        "fields": {
            "name": "Restaurant 17",
            "location": "Belgrade, Serbia",
            "lan": "44.806900",
            "lon": "20.446200",
            "rating": "4.85",
            "category": "cafe"
        }
    },
    {
        "model": "app.restoraunt",
        "pk": 18,
        "fields": {
            "name": "Restaurant 18",
            "location": "Belgrade, Serbia",
            "lan": "44.791100",
            "lon": "20.412200",
            "rating": "4.16",
            "category": "cafe"
        }
    },
    {
        "model": "app.restoraunt",
        "pk": 19,
        "fields": {
            "name": "Restaurant 19",
            "location": "Belgrade, Serbia",
            "lan": "44.804700",
            "lon": "20.467700",
            "rating": "4.63",
            "category": "fast_food"
        }
    },
    {
        "model": "app.restoraunt",
        "pk": 20,
        "fields": {
            "name": "Restaurant 20",
            "location": "Belgrade, Serbia",
            "lan": "44.796100",
            "lon": "20.481100",
            "rating": "4.73",
            "category": "bakery"
        }
    },
    {
        "model": "app.menu",
        "pk": 1,
        "fields": {
            "restoraunt": 1,
            "product": [
                3,
                5,
                10
            ]
        }
    },
    {
        "model": "app.menu",
        "pk": 2,
        "fields": {
            "restoraunt": 2,
            "product": [
                3,
                5,
                10
            ]
        }
    },
    {
        "model": "app.menu",
        "pk": 3,
        "fields": {
            "restoraunt": 3,
            "product": [
                1,
                2,
                5,
                9
            ]
        }
    },
    {
        "model": "app.menu",
        "pk": 4,
        "fields": {
            "restoraunt": 4,
            "product": [
                1,
                5,
                9
            ]
        }
    },
    {
        "model": "app.menu",
        "pk": 5,
        "fields": {
            "restoraunt": 5,
            "product": [
                1,
                3,
                4,
                5,
                6,
                10
            ]
        }
    },
    {
        "model": "app.menu",
        "pk": 6,
        "fields": {
            "restoraunt": 6,
            "product": [
                1,
                3,
                5,
                6,
                8,
                10
            ]
        }
    },
    {
        "model": "app.menu",
        "pk": 7,
        "fields": {
            "restoraunt": 7,
            "product": [
                3,
                5,
                9,
                10
            ]
        }
    },
    {
        "model": "app.menu",
        "pk": 8,
        "fields": {
            "restoraunt": 8,
            "product": [
                3,
                5,
                6,
                8,
                9,
                10
            ]
        }
    },
    {
        "model": "app.menu",
        "pk": 9,
        "fields": {
            "restoraunt": 9,
            "product": [
                2,
                3,
                4,
                6,
                7
            ]
        }
    },
    {
        "model": "app.menu",
        "pk": 10,
        "fields": {
            "restoraunt": 10,
            "product": [
                3,
                6,
                9
            ]
        }
    },
    {
        "model": "app.menu",
        "pk": 11,
        "fields": {
            "restoraunt": 11,
            "product": [
                4,
                7,
                8,
                9
            ]
        }
    },
    {
        "model": "app.menu",
        "pk": 12,
        "fields": {
            "restoraunt": 12,
            "product": [
                5,
                7,
                10
            ]
        }
    },
    {
        "model": "app.menu",
        "pk": 13,
        "fields": {
            "restoraunt": 13,
            "product": [
                2,
                3,
                4,
                6,
                7
            ]
        }
    },
    {
        "model": "app.menu",
        "pk": 14,
        "fields": {
            "restoraunt": 14,
            "product": [
                1,
                2,
                3,
                4,
                6,
                10
            ]
        }
    },
    {
        "model": "app.menu",
        "pk": 15,
        "fields": {
            "restoraunt": 15,
            "product": [
                1,
                6,
                10
            ]
        }
    },
    {
        "model": "app.menu",
        "pk": 16,
        "fields": {
            "restoraunt": 16,
            "product": [
                2,
                3,
                5,
                6,
                8
            ]
        }
    },
    {
        "model": "app.menu",
        "pk": 17,
        "fields": {
            "restoraunt": 17,
            "product": [
                3,
                5,
                7,
                8
            ]
        }
    },
    {
        "model": "app.menu",
        "pk": 18,
        "fields": {
            "restoraunt": 18,
            "product": [
                2,
                4,
                7
            ]
        }
    },
    {
        "model": "app.menu",
        "pk": 19,
        "fields": {
            "restoraunt": 19,
            "product": [
                2,
                4,
                5,
                8,
                9
            ]
        }
    },
    {
        "model": "app.menu",
        "pk": 20,
        "fields": {
            "restoraunt": 20,
            "product": [
                1,
                2,
                3,
                4,
                7,
                9
            ]
        }
    }
]